test,vulkan_pvmm,vulkan_pvmm_avvisinc,vulkan_pvmm_avvisinc_semsc,vulkan_pvmm_avvisinc_semsc_nonpriv,vulkan_pvmm_avvisinc_semsc_nonpriv_fence,vulkan_pvmm_avvisinc_chains2,vulkan_pvmm_new,vulkan_chains_union,vulkan_chains_claude,vulkan_chains_new
,,,,,,,,,,
2-f-graph-avvis-chains-semav-a,PASS,PASS,PASS,PASS,PASS,PASS,PASS,PASS,PASS,PASS
2-f-graph-avvis-chains-semav-b,PASS,PASS,PASS,PASS,PASS,PASS,PASS,PASS,PASS,PASS
2-f-graph-avvis-chains-semvis-a,PASS,PASS,PASS,PASS,PASS,PASS,PASS,PASS,PASS,PASS
2-f-graph-avvis-chains-semvis-b,PASS,PASS,PASS,PASS,PASS,PASS,PASS,PASS,PASS,PASS
,,,,,,,,,,
3-f-graph-problem-chains-avvis-5-th-a,PASS,PASS,PASS,PASS,PASS,PASS,PASS,PASS,PASS,PASS
3-f-graph-problem-chains-avvis-5-th-b,PASS,PASS,PASS,PASS,PASS,PASS,PASS,PASS,PASS,PASS
3-f-graph-problem-chains-avvis-5-th-c,PASS,PASS,PASS,PASS,PASS,PASS,PASS,PASS,PASS,PASS
3-f-graph-problem-chains-avvis-5-th-d,PASS,PASS,PASS,PASS,PASS,PASS,PASS,PASS,PASS,PASS
3-f-graph-problem-chains-avvis-5-th-e,PASS,PASS,PASS,PASS,PASS,PASS,PASS,PASS,PASS,PASS
,,,,,,,,,,
3-f-graph-problem-avvis-a,PASS,PASS,PASS,PASS,PASS,PASS,PASS,PASS,PASS,PASS
3-f-graph-problem-avvis-b,FAIL,FAIL,FAIL,FAIL,FAIL,FAIL,PASS,FAIL,FAIL,FAIL
3-f-graph-problem-avvis-c,FAIL,FAIL,FAIL,FAIL,FAIL,FAIL,PASS,FAIL,FAIL,FAIL
,,,,,,,,,,
3-problem-avvisinc-av-a,PASS,PASS,PASS,PASS,PASS,PASS,PASS,PASS,PASS,PASS
3-problem-avvisinc-av-b,PASS,PASS,PASS,PASS,PASS,PASS,PASS,PASS,PASS,PASS
3-problem-avvisinc-vis-a,PASS,PASS,PASS,PASS,PASS,PASS,PASS,PASS,PASS,PASS
3-problem-avvisinc-vis-b,PASS,PASS,PASS,PASS,PASS,PASS,PASS,PASS,PASS,PASS
,,,,,,,,,,
3-problem-chains-fence-av-a1,PASS,PASS,PASS,PASS,PASS,PASS,PASS,PASS,PASS,PASS
3-problem-chains-fence-av-a2,PASS,PASS,PASS,PASS,PASS,PASS,PASS,PASS,PASS,PASS
3-problem-chains-fence-av-a3,PASS,PASS,PASS,PASS,PASS,PASS,PASS,PASS,PASS,PASS
3-problem-chains-fence-vis-a1,PASS,PASS,PASS,PASS,PASS,PASS,PASS,PASS,PASS,PASS
3-problem-chains-fence-vis-a2,PASS,PASS,PASS,PASS,PASS,PASS,PASS,PASS,PASS,PASS
3-problem-chains-fence-vis-a3,PASS,PASS,PASS,PASS,PASS,PASS,PASS,PASS,PASS,PASS
,,,,,,,,,,
3-problem-race-av-a,FAIL,FAIL,FAIL,FAIL,FAIL,FAIL,FAIL,FAIL,FAIL,FAIL
3-problem-race-av-a-atom,FAIL,FAIL,FAIL,FAIL,FAIL,FAIL,FAIL,FAIL,FAIL,FAIL
3-problem-race-vis-a,FAIL,FAIL,FAIL,FAIL,FAIL,FAIL,FAIL,FAIL,FAIL,FAIL
3-problem-race-vis-a-atom,PASS,PASS,PASS,PASS,PASS,PASS,FAIL,PASS,PASS,PASS
,,,,,,,,,,
3-problem-vloc-av-chain-a,FAIL,FAIL,FAIL,FAIL,FAIL,FAIL,FAIL,FAIL,FAIL,FAIL
3-problem-vloc-av-chain-a-atom,PASS,PASS,PASS,PASS,PASS,PASS,FAIL,PASS,PASS,PASS
3-problem-vloc-av-chain-b,FAIL,FAIL,FAIL,FAIL,FAIL,FAIL,FAIL,FAIL,FAIL,FAIL
3-problem-vloc-av-chain-b-atom,PASS,PASS,PASS,PASS,PASS,PASS,FAIL,PASS,PASS,PASS
3-problem-vloc-av-chain1-a,PASS,PASS,PASS,PASS,PASS,PASS,PASS,PASS,PASS,PASS
3-problem-vloc-av-chain1-b,PASS,PASS,PASS,PASS,PASS,PASS,PASS,PASS,PASS,PASS
3-problem-vloc-av-chain1-c,PASS,PASS,PASS,PASS,PASS,PASS,PASS,PASS,PASS,PASS
3-problem-vloc-av-chain1-d,PASS,PASS,PASS,PASS,PASS,PASS,PASS,PASS,PASS,PASS
3-problem-vloc-av-chain2-a,PASS,PASS,PASS,PASS,PASS,PASS,PASS,PASS,PASS,PASS
3-problem-vloc-av-chain2-b,PASS,PASS,PASS,PASS,PASS,PASS,PASS,PASS,PASS,PASS
3-problem-vloc-av-chain2-c,PASS,PASS,PASS,PASS,PASS,PASS,PASS,PASS,PASS,PASS
3-problem-vloc-av-chain2-d,PASS,PASS,PASS,PASS,PASS,PASS,PASS,PASS,PASS,PASS
3-problem-vloc-av-chain3-a,PASS,PASS,PASS,PASS,PASS,PASS,PASS,PASS,PASS,PASS
3-problem-vloc-av-chain3-b,PASS,PASS,PASS,PASS,PASS,PASS,PASS,PASS,PASS,PASS
3-problem-vloc-av-chain3-c,PASS,PASS,PASS,PASS,PASS,PASS,PASS,PASS,PASS,PASS
3-problem-vloc-av-chain3-d,PASS,PASS,PASS,PASS,PASS,PASS,PASS,PASS,PASS,PASS
3-problem-vloc-av-chain3-e,PASS,PASS,PASS,PASS,PASS,PASS,PASS,PASS,PASS,PASS
3-problem-vloc-av-chain3-f,PASS,PASS,PASS,PASS,PASS,PASS,PASS,PASS,PASS,PASS
3-problem-vloc-av-chain3-g,PASS,PASS,PASS,PASS,PASS,PASS,PASS,PASS,PASS,PASS
3-problem-vloc-av-chain3-h,PASS,PASS,PASS,PASS,PASS,PASS,PASS,PASS,PASS,PASS
3-problem-vloc-av-chain4-a,PASS,PASS,PASS,PASS,PASS,PASS,PASS,PASS,PASS,PASS
3-problem-vloc-av-chain4-b,PASS,PASS,PASS,PASS,PASS,PASS,PASS,PASS,PASS,PASS
3-problem-vloc-av-chain4-c,PASS,PASS,PASS,PASS,PASS,PASS,PASS,PASS,PASS,PASS
3-problem-vloc-av-chain4-d,PASS,PASS,PASS,PASS,PASS,PASS,PASS,PASS,PASS,PASS
3-problem-vloc-av-chain4-e,PASS,PASS,PASS,PASS,PASS,PASS,PASS,PASS,PASS,PASS
3-problem-vloc-av-chain4-f,PASS,PASS,PASS,PASS,PASS,PASS,PASS,PASS,PASS,PASS
3-problem-vloc-av-chain4-g,PASS,PASS,PASS,PASS,PASS,PASS,PASS,PASS,PASS,PASS
3-problem-vloc-av-chain4-h,PASS,PASS,PASS,PASS,PASS,PASS,PASS,PASS,PASS,PASS
3-problem-vloc-av-chain5-a,PASS,PASS,PASS,PASS,PASS,PASS,PASS,PASS,PASS,PASS
3-problem-vloc-av-chain5-b,PASS,PASS,PASS,PASS,PASS,PASS,PASS,PASS,PASS,PASS
3-problem-vloc-av-chain5-c,PASS,PASS,PASS,PASS,PASS,PASS,PASS,PASS,PASS,PASS
3-problem-vloc-av-chain5-d,PASS,PASS,PASS,PASS,PASS,PASS,PASS,PASS,PASS,PASS
3-problem-vloc-av-chain5-e,PASS,PASS,PASS,PASS,PASS,PASS,PASS,PASS,PASS,PASS
3-problem-vloc-av-chain5-f,PASS,PASS,PASS,PASS,PASS,PASS,PASS,PASS,PASS,PASS
3-problem-vloc-av-chain5-g,PASS,PASS,PASS,PASS,PASS,PASS,PASS,PASS,PASS,PASS
3-problem-vloc-av-chain5-h,PASS,PASS,PASS,PASS,PASS,PASS,PASS,PASS,PASS,PASS
3-problem-vloc-av-chain-sc1-a,PASS,PASS,PASS,PASS,PASS,PASS,PASS,PASS,PASS,PASS
3-problem-vloc-av-chain-sc1-b,PASS,PASS,PASS,PASS,PASS,PASS,PASS,PASS,PASS,PASS
3-problem-vloc-av-chain-sc1-c,PASS,PASS,PASS,PASS,PASS,PASS,PASS,PASS,PASS,PASS
3-problem-vloc-av-chain-sc1-d,PASS,PASS,PASS,PASS,PASS,PASS,PASS,PASS,PASS,PASS
3-problem-vloc-av-chain-sc2-a,PASS,PASS,PASS,PASS,PASS,PASS,PASS,PASS,PASS,PASS
3-problem-vloc-av-chain-sc2-b,PASS,PASS,PASS,PASS,PASS,PASS,PASS,PASS,PASS,PASS
3-problem-vloc-av-chain-sc2-c,PASS,PASS,PASS,PASS,PASS,PASS,PASS,PASS,PASS,PASS
3-problem-vloc-av-chain-sc2-d,PASS,PASS,PASS,PASS,PASS,PASS,PASS,PASS,PASS,PASS
,,,,,,,,,,
3-problem-vloc-vis-chain-a,FAIL,FAIL,FAIL,FAIL,FAIL,FAIL,FAIL,FAIL,FAIL,FAIL
3-problem-vloc-vis-chain-a-atom,PASS,PASS,PASS,PASS,PASS,PASS,FAIL,PASS,PASS,PASS
3-problem-vloc-vis-chain-b,FAIL,FAIL,FAIL,FAIL,FAIL,FAIL,FAIL,FAIL,FAIL,FAIL
3-problem-vloc-vis-chain-b-atom,PASS,PASS,PASS,PASS,PASS,PASS,FAIL,PASS,PASS,PASS
3-problem-vloc-vis-chain1-a,PASS,PASS,PASS,PASS,PASS,PASS,PASS,PASS,PASS,PASS
3-problem-vloc-vis-chain1-b,PASS,PASS,PASS,PASS,PASS,PASS,PASS,PASS,PASS,PASS
3-problem-vloc-vis-chain1-c,PASS,PASS,PASS,PASS,PASS,PASS,PASS,PASS,PASS,PASS
3-problem-vloc-vis-chain1-d,PASS,PASS,PASS,PASS,PASS,PASS,PASS,PASS,PASS,PASS
3-problem-vloc-vis-chain2-a,PASS,PASS,PASS,PASS,PASS,PASS,PASS,PASS,PASS,PASS
3-problem-vloc-vis-chain2-b,PASS,PASS,PASS,PASS,PASS,PASS,PASS,PASS,PASS,PASS
3-problem-vloc-vis-chain2-c,PASS,PASS,PASS,PASS,PASS,PASS,PASS,PASS,PASS,PASS
3-problem-vloc-vis-chain2-d,PASS,PASS,PASS,PASS,PASS,PASS,PASS,PASS,PASS,PASS
3-problem-vloc-vis-chain3-a,PASS,PASS,PASS,PASS,PASS,PASS,PASS,PASS,PASS,PASS
3-problem-vloc-vis-chain3-b,PASS,PASS,PASS,PASS,PASS,PASS,PASS,PASS,PASS,PASS
3-problem-vloc-vis-chain3-c,PASS,PASS,PASS,PASS,PASS,PASS,PASS,PASS,PASS,PASS
3-problem-vloc-vis-chain3-d,PASS,PASS,PASS,PASS,PASS,PASS,PASS,PASS,PASS,PASS
3-problem-vloc-vis-chain3-e,PASS,PASS,PASS,PASS,PASS,PASS,PASS,PASS,PASS,PASS
3-problem-vloc-vis-chain3-f,PASS,PASS,PASS,PASS,PASS,PASS,PASS,PASS,PASS,PASS
3-problem-vloc-vis-chain3-g,PASS,PASS,PASS,PASS,PASS,PASS,PASS,PASS,PASS,PASS
3-problem-vloc-vis-chain3-h,PASS,PASS,PASS,PASS,PASS,PASS,PASS,PASS,PASS,PASS
3-problem-vloc-vis-chain4-a,PASS,PASS,PASS,PASS,PASS,PASS,PASS,PASS,PASS,PASS
3-problem-vloc-vis-chain4-b,PASS,PASS,PASS,PASS,PASS,PASS,PASS,PASS,PASS,PASS
3-problem-vloc-vis-chain4-c,PASS,PASS,PASS,PASS,PASS,PASS,PASS,PASS,PASS,PASS
3-problem-vloc-vis-chain4-d,PASS,PASS,PASS,PASS,PASS,PASS,PASS,PASS,PASS,PASS
3-problem-vloc-vis-chain4-e,PASS,PASS,PASS,PASS,PASS,PASS,PASS,PASS,PASS,PASS
3-problem-vloc-vis-chain4-f,PASS,PASS,PASS,PASS,PASS,PASS,PASS,PASS,PASS,PASS
3-problem-vloc-vis-chain4-g,PASS,PASS,PASS,PASS,PASS,PASS,PASS,PASS,PASS,PASS
3-problem-vloc-vis-chain4-h,PASS,PASS,PASS,PASS,PASS,PASS,PASS,PASS,PASS,PASS
3-problem-vloc-vis-chain5-a,PASS,PASS,PASS,PASS,PASS,PASS,PASS,PASS,PASS,PASS
3-problem-vloc-vis-chain5-b,PASS,PASS,PASS,PASS,PASS,PASS,PASS,PASS,PASS,PASS
3-problem-vloc-vis-chain5-c,PASS,PASS,PASS,PASS,PASS,PASS,PASS,PASS,PASS,PASS
3-problem-vloc-vis-chain5-d,PASS,PASS,PASS,PASS,PASS,PASS,PASS,PASS,PASS,PASS
3-problem-vloc-vis-chain5-e,PASS,PASS,PASS,PASS,PASS,PASS,PASS,PASS,PASS,PASS
3-problem-vloc-vis-chain5-f,PASS,PASS,PASS,PASS,PASS,PASS,PASS,PASS,PASS,PASS
3-problem-vloc-vis-chain5-g,PASS,PASS,PASS,PASS,PASS,PASS,PASS,PASS,PASS,PASS
3-problem-vloc-vis-chain5-h,PASS,PASS,PASS,PASS,PASS,PASS,PASS,PASS,PASS,PASS
,,,,,,,,,,
4-chains-fix-locord,PASS,PASS,PASS,PASS,PASS,PASS,PASS,PASS,PASS,PASS
4-chains-fix-locord-a,PASS,PASS,PASS,PASS,PASS,PASS,PASS,PASS,PASS,PASS
4-chains-fix-locord-b1,PASS,PASS,PASS,PASS,PASS,PASS,PASS,PASS,PASS,PASS
4-chains-fix-locord-b2,PASS,PASS,PASS,PASS,PASS,PASS,PASS,PASS,PASS,PASS
4-chains-fix-locord-c,PASS,PASS,PASS,PASS,PASS,PASS,PASS,PASS,PASS,PASS
4-chains-fix-locord-d1,PASS,PASS,PASS,PASS,PASS,PASS,PASS,PASS,PASS,PASS
4-chains-fix-locord-d2,PASS,PASS,PASS,PASS,PASS,PASS,PASS,PASS,PASS,PASS
4-chains-fix-locord-b1-old,PASS,PASS,PASS,PASS,PASS,PASS,PASS,PASS,PASS,PASS
4-chains-fix-locord-b2-old,PASS,PASS,PASS,PASS,PASS,PASS,PASS,PASS,PASS,PASS
4-chains-fix-locord-d1-old,PASS,PASS,PASS,PASS,PASS,PASS,PASS,PASS,PASS,PASS
4-chains-fix-locord-d2-old,PASS,PASS,PASS,PASS,PASS,PASS,PASS,PASS,PASS,PASS
,,,,,,,,,,
4-chains-fix-locord2,PASS,PASS,PASS,PASS,PASS,PASS,PASS,PASS,PASS,PASS
4-chains-fix-locord2-a,PASS,PASS,PASS,PASS,PASS,PASS,PASS,PASS,PASS,PASS
4-chains-fix-locord2-b1,PASS,PASS,PASS,PASS,PASS,PASS,PASS,PASS,PASS,PASS
4-chains-fix-locord2-b2,PASS,PASS,PASS,PASS,PASS,PASS,PASS,PASS,PASS,PASS
4-chains-fix-locord2-c1,PASS,PASS,PASS,PASS,PASS,PASS,PASS,PASS,PASS,PASS
4-chains-fix-locord2-c2,PASS,PASS,PASS,PASS,PASS,PASS,PASS,PASS,PASS,PASS
,,,,,,,,,,
4-chains-fix-av-chains,PASS,PASS,PASS,PASS,PASS,PASS,PASS,PASS,PASS,PASS
4-chains-fix-av-chains-a,PASS,PASS,PASS,PASS,PASS,PASS,PASS,PASS,PASS,PASS
4-chains-fix-av-chains-b1,PASS,PASS,PASS,PASS,PASS,PASS,PASS,PASS,PASS,PASS
4-chains-fix-av-chains-b2,PASS,PASS,PASS,PASS,PASS,PASS,PASS,PASS,PASS,PASS
4-chains-fix-av-chains-c1,PASS,PASS,PASS,PASS,PASS,PASS,PASS,PASS,PASS,PASS
4-chains-fix-av-chains-c2,PASS,PASS,PASS,PASS,PASS,PASS,PASS,PASS,PASS,PASS
4-chains-fix-av-chains-d1,PASS,PASS,PASS,PASS,PASS,PASS,PASS,PASS,PASS,PASS
4-chains-fix-av-chains-d2,PASS,PASS,PASS,PASS,PASS,PASS,PASS,PASS,PASS,PASS
,,,,,,,,,,
4-chains-fix-av-2chains,PASS,PASS,PASS,PASS,PASS,PASS,PASS,PASS,PASS,PASS
4-chains-fix-av-2chains-a,PASS,PASS,PASS,PASS,PASS,PASS,PASS,PASS,PASS,PASS
4-chains-fix-av-2chains-b1,PASS,PASS,PASS,PASS,PASS,PASS,PASS,PASS,PASS,PASS
4-chains-fix-av-2chains-b2,PASS,PASS,PASS,PASS,PASS,PASS,PASS,PASS,PASS,PASS
4-chains-fix-av-2chains-c1,PASS,PASS,PASS,PASS,PASS,PASS,PASS,PASS,PASS,PASS
4-chains-fix-av-2chains-c2,PASS,PASS,PASS,PASS,PASS,PASS,PASS,PASS,PASS,PASS
4-chains-fix-av-2chains-d1,PASS,PASS,PASS,PASS,PASS,PASS,PASS,PASS,PASS,PASS
4-chains-fix-av-2chains-d2,PASS,PASS,PASS,PASS,PASS,PASS,PASS,PASS,PASS,PASS
,,,,,,,,,,
4-chains-fix-vis-chains,PASS,PASS,PASS,PASS,PASS,PASS,PASS,PASS,PASS,PASS
4-chains-fix-vis-chains-a,PASS,PASS,PASS,PASS,PASS,PASS,PASS,PASS,PASS,PASS
4-chains-fix-vis-chains-b1,PASS,PASS,PASS,PASS,PASS,PASS,PASS,PASS,PASS,PASS
4-chains-fix-vis-chains-b2,PASS,PASS,PASS,PASS,PASS,PASS,PASS,PASS,PASS,PASS
4-chains-fix-vis-chains-c1,PASS,PASS,PASS,PASS,PASS,PASS,PASS,PASS,PASS,PASS
4-chains-fix-vis-chains-c2,PASS,PASS,PASS,PASS,PASS,PASS,PASS,PASS,PASS,PASS
4-chains-fix-vis-chains-d1,PASS,PASS,PASS,PASS,PASS,PASS,PASS,PASS,PASS,PASS
4-chains-fix-vis-chains-d2,PASS,PASS,PASS,PASS,PASS,PASS,PASS,PASS,PASS,PASS
,,,,,,,,,,
4-chains-fix-vis-2chains,PASS,PASS,PASS,PASS,PASS,PASS,PASS,PASS,PASS,PASS
4-chains-fix-vis-2chains-a,PASS,PASS,PASS,PASS,PASS,PASS,PASS,PASS,PASS,PASS
4-chains-fix-vis-2chains-b1,PASS,PASS,PASS,PASS,PASS,PASS,PASS,PASS,PASS,PASS
4-chains-fix-vis-2chains-b2,PASS,PASS,PASS,PASS,PASS,PASS,PASS,PASS,PASS,PASS
4-chains-fix-vis-2chains-c1,PASS,PASS,PASS,PASS,PASS,PASS,PASS,PASS,PASS,PASS
4-chains-fix-vis-2chains-c2,PASS,PASS,PASS,PASS,PASS,PASS,PASS,PASS,PASS,PASS
4-chains-fix-vis-2chains-d1,PASS,PASS,PASS,PASS,PASS,PASS,PASS,PASS,PASS,PASS
4-chains-fix-vis-2chains-d2,PASS,PASS,PASS,PASS,PASS,PASS,PASS,PASS,PASS,PASS
,,,,,,,,,,
scopes-mp-acq-acq-a,PASS,PASS,PASS,PASS,PASS,PASS,PASS,PASS,PASS,PASS
scopes-mp-acq-acq-b,PASS,PASS,PASS,PASS,PASS,PASS,PASS,PASS,PASS,PASS
,,,,,,,,,,
x-chains1,PASS,PASS,PASS,PASS,PASS,PASS,PASS,PASS,PASS,PASS
x-chains2,PASS,PASS,PASS,PASS,PASS,PASS,PASS,PASS,PASS,PASS
x-chains3,PASS,PASS,PASS,PASS,PASS,PASS,PASS,PASS,PASS,PASS
x-chains4,PASS,PASS,PASS,PASS,PASS,PASS,PASS,PASS,PASS,PASS
x-chains5,PASS,PASS,PASS,PASS,PASS,PASS,PASS,PASS,PASS,PASS
