test,vulkan_pvmm,vulkan_chains_union,vulkan_chains_new,vulkan_pvmm_new,vulkan_pvmm_new2,vulkan_pvmm_new2a,vulkan_pvmm_new3,vulkan_pvmm_new4
,,,,,,,,
2-f-graph-avvis-chains-semav-a,FAIL,FAIL,FAIL,FAIL,FAIL,FAIL,FAIL,FAIL
2-f-graph-avvis-chains-semav-b,FAIL,FAIL,FAIL,FAIL,FAIL,FAIL,FAIL,FAIL
2-f-graph-avvis-chains-semvis-a,FAIL,FAIL,FAIL,FAIL,FAIL,FAIL,FAIL,FAIL
2-f-graph-avvis-chains-semvis-b,FAIL,FAIL,FAIL,FAIL,FAIL,FAIL,FAIL,FAIL
,,,,,,,,
3-f-graph-problem-chains-avvis-5-th-a,PASS,PASS,PASS,PASS,PASS,PASS,PASS,PASS
3-f-graph-problem-chains-avvis-5-th-b,FAIL,FAIL,FAIL,PASS,PASS,PASS,PASS,PASS
3-f-graph-problem-chains-avvis-5-th-c,PASS,PASS,FAIL,PASS,PASS,PASS,PASS,PASS
3-f-graph-problem-chains-avvis-5-th-d,FAIL,FAIL,FAIL,PASS,PASS,PASS,PASS,PASS
3-f-graph-problem-chains-avvis-5-th-e,PASS,PASS,FAIL,PASS,PASS,PASS,PASS,PASS
,,,,,,,,
3-f-graph-problem-avvis-a,PASS,PASS,PASS,PASS,PASS,PASS,PASS,PASS
3-f-graph-problem-avvis-b,FAIL,FAIL,FAIL,PASS,PASS,PASS,PASS,PASS
3-f-graph-problem-avvis-c,FAIL,FAIL,FAIL,PASS,PASS,PASS,PASS,PASS
,,,,,,,,
3-problem-avvisinc-av-a,PASS,PASS,PASS,PASS,PASS,PASS,PASS,PASS
3-problem-avvisinc-av-b,FAIL,FAIL,FAIL,PASS,PASS,PASS,PASS,PASS
3-problem-avvisinc-vis-a,PASS,PASS,PASS,PASS,PASS,PASS,PASS,PASS
3-problem-avvisinc-vis-b,FAIL,FAIL,FAIL,PASS,PASS,PASS,PASS,PASS
,,,,,,,,
3-problem-chains-fence-av-a1,PASS,PASS,PASS,FAIL,FAIL,FAIL,FAIL,FAIL
3-problem-chains-fence-av-a2,FAIL,FAIL,FAIL,FAIL,FAIL,FAIL,FAIL,FAIL
3-problem-chains-fence-av-a3,PASS,PASS,PASS,FAIL,FAIL,FAIL,FAIL,FAIL
3-problem-chains-fence-vis-a1,PASS,PASS,PASS,FAIL,FAIL,FAIL,FAIL,FAIL
3-problem-chains-fence-vis-a2,FAIL,FAIL,FAIL,FAIL,FAIL,FAIL,FAIL,FAIL
3-problem-chains-fence-vis-a3,PASS,PASS,PASS,FAIL,FAIL,FAIL,FAIL,FAIL
,,,,,,,,
3-problem-race-av-a,FAIL,FAIL,FAIL,FAIL,FAIL,FAIL,FAIL,FAIL
3-problem-race-av-a-atom,FAIL,FAIL,FAIL,FAIL,FAIL,FAIL,FAIL,FAIL
3-problem-race-av-a-store,PASS,PASS,PASS,PASS,PASS,PASS,PASS,PASS
3-problem-race-av-a-store-atom,PASS,PASS,PASS,PASS,PASS,PASS,PASS,PASS
3-problem-race-vis-a,FAIL,FAIL,FAIL,FAIL,FAIL,FAIL,FAIL,FAIL
3-problem-race-vis-a-atom,FAIL,FAIL,FAIL,FAIL,FAIL,FAIL,FAIL,FAIL
3-problem-race-vis-a-store,PASS,PASS,PASS,PASS,PASS,PASS,PASS,PASS
3-problem-race-vis-a-store-atom,PASS,PASS,PASS,PASS,PASS,PASS,PASS,PASS
,,,,,,,,
3-problem-vloc-av-chain-a,FAIL,FAIL,FAIL,FAIL,FAIL,FAIL,FAIL,FAIL
3-problem-vloc-av-chain-a-atom,FAIL,FAIL,FAIL,FAIL,FAIL,FAIL,FAIL,FAIL
3-problem-vloc-av-chain-b,FAIL,FAIL,FAIL,FAIL,FAIL,FAIL,FAIL,FAIL
3-problem-vloc-av-chain-b-atom,FAIL,FAIL,FAIL,FAIL,FAIL,FAIL,FAIL,FAIL
3-problem-vloc-av-chain1-a,PASS,PASS,PASS,PASS,PASS,PASS,PASS,PASS
3-problem-vloc-av-chain1-b,FAIL,FAIL,FAIL,PASS,PASS,PASS,PASS,PASS
3-problem-vloc-av-chain1-c,PASS,PASS,PASS,PASS,PASS,PASS,PASS,PASS
3-problem-vloc-av-chain1-d,FAIL,FAIL,FAIL,FAIL,FAIL,FAIL,FAIL,FAIL
3-problem-vloc-av-chain2-a,PASS,PASS,PASS,PASS,PASS,PASS,PASS,PASS
3-problem-vloc-av-chain2-b,PASS,PASS,PASS,PASS,PASS,PASS,PASS,PASS
3-problem-vloc-av-chain2-c,FAIL,FAIL,FAIL,FAIL,FAIL,FAIL,FAIL,FAIL
3-problem-vloc-av-chain2-d,FAIL,FAIL,FAIL,FAIL,FAIL,FAIL,FAIL,FAIL
3-problem-vloc-av-chain3-a,PASS,PASS,PASS,PASS,PASS,PASS,PASS,PASS
3-problem-vloc-av-chain3-b,FAIL,FAIL,FAIL,PASS,PASS,PASS,PASS,PASS
3-problem-vloc-av-chain3-c,PASS,PASS,PASS,PASS,PASS,PASS,PASS,PASS
3-problem-vloc-av-chain3-d,PASS,PASS,PASS,PASS,PASS,PASS,PASS,PASS
3-problem-vloc-av-chain3-e,FAIL,FAIL,FAIL,PASS,PASS,PASS,PASS,PASS
3-problem-vloc-av-chain3-f,FAIL,FAIL,FAIL,PASS,PASS,PASS,PASS,PASS
3-problem-vloc-av-chain3-g,PASS,PASS,PASS,PASS,PASS,PASS,PASS,PASS
3-problem-vloc-av-chain3-h,FAIL,FAIL,FAIL,FAIL,FAIL,FAIL,FAIL,FAIL
3-problem-vloc-av-chain4-a,PASS,PASS,PASS,PASS,PASS,PASS,PASS,PASS
3-problem-vloc-av-chain4-b,PASS,PASS,PASS,PASS,PASS,PASS,PASS,PASS
3-problem-vloc-av-chain4-c,FAIL,FAIL,FAIL,PASS,PASS,PASS,PASS,PASS
3-problem-vloc-av-chain4-d,PASS,PASS,PASS,PASS,PASS,PASS,PASS,PASS
3-problem-vloc-av-chain4-e,FAIL,FAIL,FAIL,PASS,PASS,PASS,PASS,PASS
3-problem-vloc-av-chain4-f,PASS,PASS,PASS,PASS,PASS,PASS,PASS,PASS
3-problem-vloc-av-chain4-g,FAIL,FAIL,FAIL,FAIL,FAIL,FAIL,FAIL,FAIL
3-problem-vloc-av-chain4-h,FAIL,FAIL,FAIL,FAIL,FAIL,FAIL,FAIL,FAIL
3-problem-vloc-av-chain5-a,PASS,PASS,PASS,PASS,PASS,PASS,PASS,PASS
3-problem-vloc-av-chain5-b,PASS,PASS,PASS,PASS,PASS,PASS,PASS,PASS
3-problem-vloc-av-chain5-c,PASS,PASS,PASS,PASS,PASS,PASS,PASS,PASS
3-problem-vloc-av-chain5-d,FAIL,FAIL,FAIL,FAIL,FAIL,FAIL,FAIL,FAIL
3-problem-vloc-av-chain5-e,PASS,PASS,PASS,PASS,PASS,PASS,PASS,PASS
3-problem-vloc-av-chain5-f,FAIL,FAIL,FAIL,FAIL,FAIL,FAIL,FAIL,FAIL
3-problem-vloc-av-chain5-g,FAIL,FAIL,FAIL,FAIL,FAIL,FAIL,FAIL,FAIL
3-problem-vloc-av-chain5-h,FAIL,FAIL,FAIL,FAIL,FAIL,FAIL,FAIL,FAIL
3-problem-vloc-av-chain6-a,PASS,PASS,PASS,PASS,PASS,PASS,PASS,PASS
3-problem-vloc-av-chain6-b,FAIL,FAIL,FAIL,FAIL,FAIL,FAIL,FAIL,FAIL
3-problem-vloc-av-chain6-c,PASS,PASS,PASS,PASS,PASS,PASS,PASS,PASS
3-problem-vloc-av-chain6-d,FAIL,FAIL,FAIL,FAIL,FAIL,FAIL,FAIL,FAIL
3-problem-vloc-av-chain7-a,PASS,PASS,PASS,PASS,PASS,PASS,PASS,PASS
3-problem-vloc-av-chain7-b,FAIL,FAIL,FAIL,FAIL,FAIL,FAIL,FAIL,FAIL
3-problem-vloc-av-chain7-c,PASS,PASS,PASS,PASS,PASS,PASS,PASS,PASS
3-problem-vloc-av-chain7-d,FAIL,FAIL,FAIL,FAIL,FAIL,FAIL,FAIL,FAIL
3-problem-vloc-av-chain8-a,PASS,PASS,PASS,PASS,PASS,PASS,PASS,FAIL
3-problem-vloc-av-chain8-b,FAIL,FAIL,FAIL,FAIL,FAIL,FAIL,FAIL,FAIL
3-problem-vloc-av-chain8-c,FAIL,FAIL,FAIL,FAIL,FAIL,FAIL,FAIL,FAIL
3-problem-vloc-av-chain9-a,PASS,PASS,PASS,PASS,PASS,PASS,PASS,PASS
3-problem-vloc-av-chain9-b,FAIL,FAIL,FAIL,FAIL,FAIL,FAIL,FAIL,FAIL
3-problem-vloc-av-chain9-c,FAIL,FAIL,FAIL,FAIL,FAIL,FAIL,FAIL,FAIL
3-problem-vloc-av-chain10-a,PASS,PASS,PASS,PASS,PASS,PASS,PASS,PASS
3-problem-vloc-av-chain10-b,FAIL,FAIL,FAIL,PASS,PASS,PASS,PASS,PASS
3-problem-vloc-av-chain10-c,FAIL,FAIL,FAIL,FAIL,FAIL,FAIL,FAIL,FAIL
3-problem-vloc-av-chain11-a,PASS,PASS,PASS,PASS,PASS,PASS,PASS,PASS
3-problem-vloc-av-chain11-b,FAIL,FAIL,FAIL,FAIL,FAIL,FAIL,FAIL,FAIL
3-problem-vloc-av-chain11-c,FAIL,FAIL,FAIL,FAIL,FAIL,FAIL,FAIL,FAIL
3-problem-vloc-av-chain11-d,FAIL,FAIL,FAIL,FAIL,FAIL,FAIL,FAIL,FAIL
3-problem-vloc-av-chain11-e,FAIL,FAIL,FAIL,FAIL,FAIL,FAIL,FAIL,FAIL
3-problem-vloc-av-chain11-f,FAIL,FAIL,FAIL,FAIL,FAIL,FAIL,FAIL,FAIL
3-problem-vloc-av-chain-sc1-a,PASS,PASS,PASS,PASS,PASS,PASS,PASS,PASS
3-problem-vloc-av-chain-sc1-b,FAIL,FAIL,FAIL,PASS,PASS,PASS,PASS,PASS
3-problem-vloc-av-chain-sc1-c,PASS,PASS,PASS,PASS,PASS,PASS,PASS,PASS
3-problem-vloc-av-chain-sc1-d,FAIL,FAIL,FAIL,FAIL,FAIL,FAIL,FAIL,FAIL
3-problem-vloc-av-chain-sc2-a,PASS,PASS,PASS,PASS,PASS,PASS,PASS,PASS
3-problem-vloc-av-chain-sc2-b,PASS,PASS,PASS,PASS,PASS,PASS,PASS,PASS
3-problem-vloc-av-chain-sc2-c,FAIL,FAIL,FAIL,FAIL,FAIL,FAIL,FAIL,FAIL
3-problem-vloc-av-chain-sc2-d,FAIL,FAIL,FAIL,FAIL,FAIL,FAIL,FAIL,FAIL
,,,,,,,,
3-problem-vloc-vis-chain-a,FAIL,FAIL,FAIL,FAIL,FAIL,FAIL,FAIL,FAIL
3-problem-vloc-vis-chain-a-atom,FAIL,FAIL,FAIL,FAIL,FAIL,FAIL,FAIL,FAIL
3-problem-vloc-vis-chain-b,FAIL,FAIL,FAIL,FAIL,FAIL,FAIL,FAIL,FAIL
3-problem-vloc-vis-chain-b-atom,FAIL,FAIL,FAIL,FAIL,FAIL,FAIL,FAIL,FAIL
3-problem-vloc-vis-chain1-a,PASS,PASS,PASS,PASS,PASS,PASS,PASS,PASS
3-problem-vloc-vis-chain1-b,FAIL,FAIL,FAIL,PASS,PASS,PASS,PASS,PASS
3-problem-vloc-vis-chain1-c,PASS,PASS,PASS,PASS,PASS,PASS,PASS,PASS
3-problem-vloc-vis-chain1-d,FAIL,FAIL,FAIL,FAIL,FAIL,FAIL,FAIL,FAIL
3-problem-vloc-old-vis-chain2-a,PASS,PASS,PASS,PASS,PASS,PASS,PASS,PASS
3-problem-vloc-old-vis-chain2-b,PASS,PASS,PASS,PASS,FAIL,FAIL,FAIL,FAIL
3-problem-vloc-old-vis-chain2-c,PASS,PASS,PASS,PASS,PASS,PASS,PASS,PASS
3-problem-vloc-old-vis-chain2-d,FAIL,FAIL,FAIL,FAIL,FAIL,FAIL,FAIL,FAIL
3-problem-vloc-vis-chain3-a,PASS,PASS,PASS,PASS,PASS,PASS,PASS,PASS
3-problem-vloc-vis-chain3-b,FAIL,FAIL,FAIL,PASS,PASS,PASS,PASS,PASS
3-problem-vloc-vis-chain3-c,PASS,PASS,PASS,PASS,PASS,PASS,PASS,PASS
3-problem-vloc-vis-chain3-d,PASS,PASS,PASS,PASS,PASS,PASS,PASS,PASS
3-problem-vloc-vis-chain3-e,FAIL,FAIL,FAIL,PASS,PASS,PASS,PASS,PASS
3-problem-vloc-vis-chain3-f,FAIL,FAIL,FAIL,PASS,PASS,PASS,PASS,PASS
3-problem-vloc-vis-chain3-g,PASS,PASS,PASS,PASS,PASS,PASS,PASS,PASS
3-problem-vloc-vis-chain3-h,FAIL,FAIL,FAIL,FAIL,FAIL,FAIL,FAIL,FAIL
3-problem-vloc-old-vis-chain4-a,PASS,PASS,PASS,PASS,PASS,PASS,PASS,PASS
3-problem-vloc-old-vis-chain4-b,PASS,PASS,PASS,PASS,PASS,PASS,PASS,PASS
3-problem-vloc-old-vis-chain4-c,PASS,PASS,PASS,PASS,PASS,PASS,PASS,PASS
3-problem-vloc-old-vis-chain4-d,PASS,PASS,PASS,PASS,PASS,PASS,PASS,PASS
3-problem-vloc-old-vis-chain4-e,PASS,PASS,PASS,PASS,FAIL,FAIL,FAIL,FAIL
3-problem-vloc-old-vis-chain4-f,PASS,PASS,PASS,PASS,PASS,PASS,PASS,PASS
3-problem-vloc-old-vis-chain4-g,PASS,PASS,PASS,PASS,PASS,PASS,PASS,PASS
3-problem-vloc-old-vis-chain4-h,FAIL,FAIL,FAIL,FAIL,FAIL,FAIL,FAIL,FAIL
3-problem-vloc-old-vis-chain5-a,PASS,PASS,PASS,PASS,PASS,PASS,PASS,PASS
3-problem-vloc-old-vis-chain5-b,PASS,PASS,PASS,PASS,FAIL,FAIL,FAIL,FAIL
3-problem-vloc-old-vis-chain5-c,PASS,PASS,PASS,PASS,PASS,PASS,PASS,PASS
3-problem-vloc-old-vis-chain5-d,PASS,PASS,PASS,PASS,PASS,PASS,PASS,PASS
3-problem-vloc-old-vis-chain5-e,FAIL,FAIL,FAIL,FAIL,FAIL,FAIL,FAIL,FAIL
3-problem-vloc-old-vis-chain5-f,PASS,PASS,PASS,PASS,FAIL,FAIL,FAIL,FAIL
3-problem-vloc-old-vis-chain5-g,PASS,PASS,PASS,PASS,PASS,PASS,PASS,PASS
3-problem-vloc-old-vis-chain5-h,FAIL,FAIL,FAIL,FAIL,FAIL,FAIL,FAIL,FAIL
3-problem-vloc-vis-chain11-a,FAIL,FAIL,FAIL,FAIL,FAIL,FAIL,FAIL,PASS
3-problem-vloc-vis-chain11-b,FAIL,FAIL,FAIL,FAIL,FAIL,FAIL,FAIL,FAIL
3-problem-vloc-vis-chain11-c,FAIL,FAIL,FAIL,FAIL,FAIL,FAIL,FAIL,FAIL
3-problem-vloc-vis-chain11-d,FAIL,FAIL,FAIL,FAIL,FAIL,FAIL,FAIL,FAIL
3-problem-vloc-vis-chain11-e,FAIL,FAIL,FAIL,FAIL,FAIL,FAIL,FAIL,FAIL
3-problem-vloc-vis-chain11-f,FAIL,FAIL,FAIL,FAIL,FAIL,FAIL,FAIL,FAIL
,,,,,,,,
3-new-vloc-av-atom-0,FAIL,FAIL,FAIL,FAIL,FAIL,FAIL,FAIL,FAIL
3-new-vloc-av-atom-1,FAIL,FAIL,FAIL,FAIL,FAIL,FAIL,FAIL,FAIL
3-new-vloc-av-atom-2,FAIL,FAIL,FAIL,FAIL,FAIL,FAIL,FAIL,FAIL
3-new-vloc-av-nonpriv-0,FAIL,FAIL,FAIL,FAIL,FAIL,FAIL,FAIL,FAIL
3-new-vloc-av-nonpriv-1,FAIL,FAIL,FAIL,FAIL,FAIL,FAIL,FAIL,FAIL
3-new-vloc-av-nonpriv-2,FAIL,FAIL,FAIL,FAIL,FAIL,FAIL,FAIL,FAIL
,,,,,,,,
4-chains-fix-locord,PASS,PASS,PASS,PASS,PASS,PASS,PASS,PASS
4-chains-fix-locord-a,FAIL,FAIL,FAIL,PASS,PASS,PASS,PASS,PASS
4-chains-fix-locord-b1,FAIL,FAIL,FAIL,PASS,PASS,PASS,PASS,PASS
4-chains-fix-locord-b2,FAIL,FAIL,FAIL,PASS,PASS,PASS,PASS,PASS
4-chains-fix-locord-c,FAIL,FAIL,FAIL,PASS,PASS,PASS,PASS,PASS
4-chains-fix-locord-d1,FAIL,FAIL,FAIL,PASS,PASS,PASS,PASS,PASS
4-chains-fix-locord-d2,FAIL,FAIL,FAIL,PASS,PASS,PASS,PASS,PASS
4-chains-fix-locord-b1-old,FAIL,FAIL,FAIL,PASS,PASS,PASS,PASS,PASS
4-chains-fix-locord-b2-old,FAIL,FAIL,FAIL,PASS,PASS,PASS,PASS,PASS
4-chains-fix-locord-d1-old,FAIL,FAIL,FAIL,PASS,PASS,PASS,PASS,PASS
4-chains-fix-locord-d2-old,FAIL,FAIL,FAIL,PASS,PASS,PASS,PASS,PASS
,,,,,,,,
4-chains-fix-locord2,PASS,PASS,PASS,PASS,PASS,PASS,PASS,PASS
4-chains-fix-locord2-a,FAIL,FAIL,FAIL,PASS,PASS,PASS,PASS,PASS
4-chains-fix-locord2-b1,FAIL,FAIL,FAIL,PASS,PASS,PASS,PASS,PASS
4-chains-fix-locord2-b2,FAIL,FAIL,FAIL,PASS,PASS,PASS,PASS,PASS
4-chains-fix-locord2-c1,FAIL,FAIL,FAIL,PASS,PASS,PASS,PASS,PASS
4-chains-fix-locord2-c2,FAIL,FAIL,FAIL,PASS,PASS,PASS,PASS,PASS
,,,,,,,,
4-chains-fix-av-chains,PASS,PASS,PASS,PASS,PASS,PASS,PASS,PASS
4-chains-fix-av-chains-a,FAIL,FAIL,FAIL,PASS,PASS,PASS,PASS,PASS
4-chains-fix-av-chains-b1,FAIL,FAIL,FAIL,PASS,PASS,PASS,PASS,PASS
4-chains-fix-av-chains-b2,FAIL,FAIL,FAIL,PASS,PASS,PASS,PASS,PASS
4-chains-fix-av-chains-c1,FAIL,FAIL,FAIL,PASS,PASS,PASS,PASS,PASS
4-chains-fix-av-chains-c2,FAIL,FAIL,FAIL,PASS,PASS,PASS,PASS,PASS
4-chains-fix-av-chains-d1,FAIL,FAIL,FAIL,PASS,PASS,PASS,PASS,PASS
4-chains-fix-av-chains-d2,FAIL,FAIL,FAIL,PASS,PASS,PASS,PASS,PASS
,,,,,,,,
4-chains-fix-av-2chains,PASS,PASS,PASS,PASS,PASS,PASS,PASS,PASS
4-chains-fix-av-2chains-a,FAIL,FAIL,FAIL,PASS,PASS,PASS,PASS,PASS
4-chains-fix-av-2chains-b1,FAIL,FAIL,FAIL,PASS,PASS,PASS,PASS,PASS
4-chains-fix-av-2chains-b2,FAIL,FAIL,FAIL,PASS,PASS,PASS,PASS,PASS
4-chains-fix-av-2chains-c1,FAIL,FAIL,FAIL,PASS,PASS,PASS,PASS,PASS
4-chains-fix-av-2chains-c2,FAIL,FAIL,FAIL,PASS,PASS,PASS,PASS,PASS
4-chains-fix-av-2chains-d1,FAIL,FAIL,FAIL,PASS,PASS,PASS,PASS,PASS
4-chains-fix-av-2chains-d2,FAIL,FAIL,FAIL,PASS,PASS,PASS,PASS,PASS
,,,,,,,,
4-chains-fix-vis-chains,PASS,PASS,PASS,PASS,PASS,PASS,PASS,PASS
4-chains-fix-vis-chains-a,FAIL,FAIL,FAIL,PASS,PASS,PASS,PASS,PASS
4-chains-fix-vis-chains-b1,FAIL,FAIL,FAIL,PASS,PASS,PASS,PASS,PASS
4-chains-fix-vis-chains-b2,FAIL,FAIL,FAIL,PASS,PASS,PASS,PASS,PASS
4-chains-fix-vis-chains-c1,FAIL,FAIL,FAIL,PASS,PASS,PASS,PASS,PASS
4-chains-fix-vis-chains-c2,FAIL,FAIL,FAIL,PASS,PASS,PASS,PASS,PASS
4-chains-fix-vis-chains-d1,FAIL,FAIL,FAIL,PASS,PASS,PASS,PASS,PASS
4-chains-fix-vis-chains-d2,FAIL,FAIL,FAIL,PASS,PASS,PASS,PASS,PASS
,,,,,,,,
4-chains-fix-vis-2chains,PASS,PASS,PASS,PASS,PASS,PASS,PASS,PASS
4-chains-fix-vis-2chains-a,FAIL,FAIL,FAIL,PASS,PASS,PASS,PASS,PASS
4-chains-fix-vis-2chains-b1,FAIL,FAIL,FAIL,PASS,PASS,PASS,PASS,PASS
4-chains-fix-vis-2chains-b2,FAIL,FAIL,FAIL,PASS,PASS,PASS,PASS,PASS
4-chains-fix-vis-2chains-c1,FAIL,FAIL,FAIL,PASS,PASS,PASS,PASS,PASS
4-chains-fix-vis-2chains-c2,FAIL,FAIL,FAIL,PASS,PASS,PASS,PASS,PASS
4-chains-fix-vis-2chains-d1,FAIL,FAIL,FAIL,PASS,PASS,PASS,PASS,PASS
4-chains-fix-vis-2chains-d2,FAIL,FAIL,FAIL,PASS,PASS,PASS,PASS,PASS
,,,,,,,,
scopes-mp-acq-acq-a,PASS,PASS,PASS,PASS,PASS,PASS,PASS,PASS
scopes-mp-acq-acq-b,PASS,PASS,PASS,PASS,PASS,PASS,PASS,PASS
,,,,,,,,
x-chains1,PASS,PASS,FAIL,PASS,PASS,PASS,PASS,PASS
x-chains2,PASS,PASS,FAIL,PASS,PASS,PASS,PASS,PASS
x-chains3,FAIL,PASS,FAIL,PASS,PASS,PASS,PASS,PASS
x-chains4,FAIL,FAIL,FAIL,PASS,PASS,PASS,PASS,PASS
x-chains5,FAIL,PASS,PASS,PASS,PASS,PASS,PASS,PASS
,,,,,,,,
chain-scope-rqf-a,PASS,PASS,PASS,PASS,PASS,PASS,PASS,PASS
chain-scope-rqf-b,FAIL,FAIL,FAIL,FAIL,FAIL,FAIL,FAIL,FAIL
chain-scope-rwg-a,PASS,PASS,PASS,PASS,PASS,PASS,PASS,PASS
chain-scope-rwg-b,PASS,PASS,PASS,PASS,PASS,PASS,PASS,PASS
chain-scope-rwg-c,PASS,PASS,PASS,PASS,PASS,PASS,PASS,PASS
chain-scope-rwg-d,FAIL,FAIL,FAIL,FAIL,FAIL,FAIL,FAIL,FAIL
,,,,,,,,
chain-scope-wqf-a,PASS,PASS,PASS,PASS,PASS,PASS,PASS,PASS
chain-scope-wqf-b,PASS,PASS,PASS,PASS,PASS,PASS,PASS,PASS
chain-scope-wwg-a,PASS,PASS,PASS,PASS,PASS,PASS,PASS,PASS
chain-scope-wwg-b,PASS,PASS,PASS,PASS,PASS,PASS,PASS,PASS
