test,vulkan_pvmm,vulkan_pvmm_semsc,vulkan_pvmm_chains,vulkan_pvmm_locord1,vulkan_pvmm_locord2,vulkan_pvmm_locord4,vulkan_pvmm_semsc_locord,vulkan_pvmm_semsc_locord_fence,vulkan_current_pvmm,vulkan_current_pvmm_semsc,vulkan_current_pvmm_chains,vulkan_current_pvmm_locord1,vulkan_current_pvmm_locord2,vulkan_current_pvmm_locord4,vulkan_current_pvmm_semsc_locord,vulkan_current_pvmm_semsc_locord_fence
,,,,,,,,,,,,,,,,
2-f-graph-mp-semsc-a,FAIL,FAIL,FAIL,FAIL,FAIL,FAIL,FAIL,FAIL,FAIL,FAIL,FAIL,FAIL,FAIL,FAIL,FAIL,FAIL
2-f-graph-mp-semsc-b,PASS,PASS,PASS,PASS,PASS,PASS,PASS,PASS,PASS,PASS,PASS,PASS,PASS,PASS,PASS,PASS
2-f-graph-mp-semsc-c,FAIL,FAIL,FAIL,FAIL,FAIL,FAIL,FAIL,FAIL,FAIL,FAIL,FAIL,FAIL,FAIL,FAIL,FAIL,FAIL
,,,,,,,,,,,,,,,,
2-f-graph-mp-avvis-a,PASS,PASS,PASS,PASS,PASS,PASS,PASS,PASS,PASS,PASS,PASS,PASS,PASS,PASS,PASS,PASS
2-f-graph-mp-avvis-b,FAIL,FAIL,FAIL,FAIL,FAIL,FAIL,FAIL,FAIL,FAIL,FAIL,FAIL,FAIL,FAIL,FAIL,FAIL,FAIL
,,,,,,,,,,,,,,,,
3-f-graph-problem-semsc-mp-a,PASS,PASS,PASS,PASS,PASS,PASS,PASS,PASS,PASS,PASS,PASS,PASS,PASS,PASS,PASS,PASS
3-f-graph-problem-semsc-mp-b,FAIL,PASS,FAIL,FAIL,FAIL,FAIL,PASS,PASS,FAIL,PASS,FAIL,FAIL,FAIL,FAIL,PASS,PASS
3-f-graph-problem-semsc-mp-c,PASS,PASS,PASS,PASS,PASS,PASS,PASS,PASS,PASS,PASS,PASS,PASS,PASS,PASS,PASS,PASS
3-f-graph-problem-semsc-mp-fences-a,PASS,PASS,PASS,PASS,PASS,PASS,PASS,PASS,PASS,PASS,PASS,PASS,PASS,PASS,PASS,PASS
3-f-graph-problem-semsc-mp-fences-b,FAIL,PASS,FAIL,FAIL,FAIL,FAIL,PASS,PASS,FAIL,PASS,FAIL,FAIL,FAIL,FAIL,PASS,PASS
3-f-graph-problem-semsc-mp-fences-c,PASS,PASS,PASS,PASS,PASS,PASS,PASS,PASS,PASS,PASS,PASS,PASS,PASS,PASS,PASS,PASS
3-f-graph-problem-semsc-lb-a,PASS,PASS,PASS,PASS,PASS,PASS,PASS,PASS,PASS,PASS,PASS,PASS,PASS,PASS,PASS,PASS
3-f-graph-problem-semsc-lb-b,FAIL,PASS,FAIL,FAIL,FAIL,FAIL,PASS,PASS,FAIL,PASS,FAIL,FAIL,FAIL,FAIL,PASS,PASS
3-f-graph-problem-semsc-lb-c,FAIL,PASS,FAIL,FAIL,FAIL,FAIL,PASS,PASS,FAIL,PASS,FAIL,FAIL,FAIL,FAIL,PASS,PASS
3-f-graph-problem-semsc-lb-c-acqrel,FAIL,PASS,FAIL,FAIL,FAIL,FAIL,PASS,PASS,FAIL,PASS,FAIL,FAIL,FAIL,FAIL,PASS,PASS
3-f-graph-problem-semsc-lb-d,PASS,PASS,PASS,PASS,PASS,PASS,PASS,PASS,PASS,PASS,PASS,PASS,PASS,PASS,PASS,PASS
3-f-graph-problem-semsc-lb-d-acqrel,PASS,PASS,PASS,PASS,PASS,PASS,PASS,PASS,PASS,PASS,PASS,PASS,PASS,PASS,PASS,PASS
,,,,,,,,,,,,,,,,
x-sb,PASS,PASS,PASS,PASS,PASS,PASS,PASS,PASS,PASS,PASS,PASS,PASS,PASS,PASS,PASS,PASS
x-sb-fence,PASS,PASS,PASS,PASS,PASS,PASS,PASS,PASS,PASS,PASS,PASS,PASS,PASS,PASS,PASS,PASS
,,,,,,,,,,,,,,,,
x-avvis-mp-a,PASS,PASS,PASS,PASS,PASS,PASS,PASS,PASS,PASS,PASS,PASS,PASS,PASS,PASS,PASS,PASS
x-avvis-mp-b,FAIL,PASS,FAIL,PASS,PASS,PASS,PASS,PASS,FAIL,PASS,FAIL,PASS,PASS,PASS,PASS,PASS
x-avvis-mp-a-acqrel,PASS,PASS,PASS,PASS,PASS,PASS,PASS,PASS,PASS,PASS,PASS,PASS,PASS,PASS,PASS,PASS
x-avvis-mp-b-acqrel,FAIL,PASS,FAIL,PASS,PASS,PASS,PASS,PASS,FAIL,PASS,FAIL,PASS,PASS,PASS,PASS,PASS
x-avvis-mp-good-fence,FAIL,FAIL,FAIL,FAIL,FAIL,FAIL,FAIL,FAIL,FAIL,FAIL,FAIL,FAIL,FAIL,FAIL,FAIL,FAIL
x-avvis-mp-good-fence-bad-scope,PASS,PASS,PASS,PASS,PASS,PASS,PASS,PASS,PASS,PASS,PASS,PASS,PASS,PASS,PASS,PASS
x-avvis-mp-good-fence-bad-scope-avvis,FAIL,FAIL,FAIL,FAIL,FAIL,FAIL,FAIL,FAIL,FAIL,FAIL,FAIL,FAIL,FAIL,FAIL,FAIL,FAIL
x-avvis-mp-bad-scope,PASS,PASS,PASS,PASS,PASS,PASS,PASS,PASS,PASS,PASS,PASS,PASS,PASS,PASS,PASS,PASS
x-avvis-mp-bad-scope-avvis,FAIL,FAIL,FAIL,FAIL,FAIL,FAIL,FAIL,FAIL,FAIL,FAIL,FAIL,FAIL,FAIL,FAIL,FAIL,FAIL
,,,,,,,,,,,,,,,,
f-graph-mp3-a,FAIL,PASS,FAIL,FAIL,FAIL,FAIL,PASS,PASS,FAIL,PASS,FAIL,FAIL,FAIL,FAIL,PASS,PASS
f-graph-mp3-af,FAIL,PASS,FAIL,FAIL,FAIL,FAIL,PASS,FAIL,FAIL,PASS,FAIL,FAIL,FAIL,FAIL,PASS,FAIL
f-graph-mp3-b,FAIL,PASS,FAIL,FAIL,FAIL,FAIL,PASS,PASS,FAIL,PASS,FAIL,FAIL,FAIL,FAIL,PASS,PASS
f-graph-mp3-bf,FAIL,PASS,FAIL,FAIL,FAIL,FAIL,PASS,FAIL,FAIL,PASS,FAIL,FAIL,FAIL,FAIL,PASS,FAIL
,,,,,,,,,,,,,,,,
f-graph-mp3-sc-a,FAIL,PASS,FAIL,FAIL,FAIL,FAIL,PASS,PASS,FAIL,PASS,FAIL,FAIL,FAIL,FAIL,PASS,PASS
f-graph-mp3-sc-af,FAIL,PASS,FAIL,FAIL,FAIL,FAIL,PASS,FAIL,FAIL,PASS,FAIL,FAIL,FAIL,FAIL,PASS,FAIL
f-graph-mp3-sc-b,FAIL,PASS,FAIL,FAIL,FAIL,FAIL,PASS,PASS,FAIL,PASS,FAIL,FAIL,FAIL,FAIL,PASS,PASS
f-graph-mp3-sc-b,FAIL,PASS,FAIL,FAIL,FAIL,FAIL,PASS,PASS,FAIL,PASS,FAIL,FAIL,FAIL,FAIL,PASS,PASS
,,,,,,,,,,,,,,,,
extra-lb,FAIL,FAIL,FAIL,FAIL,FAIL,FAIL,FAIL,FAIL,FAIL,FAIL,FAIL,FAIL,FAIL,FAIL,FAIL,FAIL
extra-lb-fence-1,FAIL,FAIL,FAIL,FAIL,FAIL,FAIL,FAIL,FAIL,FAIL,FAIL,FAIL,FAIL,FAIL,FAIL,FAIL,FAIL
extra-lb-fence-2,FAIL,FAIL,FAIL,FAIL,FAIL,FAIL,FAIL,FAIL,FAIL,FAIL,FAIL,FAIL,FAIL,FAIL,FAIL,FAIL
extra-mp3,FAIL,FAIL,FAIL,FAIL,FAIL,FAIL,FAIL,FAIL,FAIL,FAIL,FAIL,FAIL,FAIL,FAIL,FAIL,FAIL
extra-mp3-fence1,FAIL,PASS,FAIL,FAIL,FAIL,FAIL,PASS,FAIL,FAIL,PASS,FAIL,FAIL,FAIL,FAIL,PASS,FAIL
extra-mp3-fence2,PASS,PASS,PASS,PASS,PASS,PASS,PASS,PASS,PASS,PASS,PASS,PASS,PASS,PASS,PASS,PASS
extra-mp-plus-fence,PASS,PASS,PASS,PASS,PASS,PASS,PASS,PASS,PASS,PASS,PASS,PASS,PASS,PASS,PASS,PASS
extra-mp-plus,PASS,PASS,PASS,PASS,PASS,PASS,PASS,PASS,PASS,PASS,PASS,PASS,PASS,PASS,PASS,PASS
extra-lb-plus,PASS,PASS,PASS,PASS,PASS,PASS,PASS,PASS,PASS,PASS,PASS,PASS,PASS,PASS,PASS,PASS
,,,,,,,,,,,,,,,,
mp3transitive3,FAIL,PASS,FAIL,FAIL,FAIL,FAIL,PASS,PASS,FAIL,PASS,FAIL,FAIL,FAIL,FAIL,PASS,PASS
mp3transitive3-fence,FAIL,PASS,FAIL,FAIL,FAIL,FAIL,PASS,FAIL,FAIL,PASS,FAIL,FAIL,FAIL,FAIL,PASS,FAIL
,,,,,,,,,,,,,,,,
old_f-graph-problem3-a,FAIL,PASS,FAIL,FAIL,FAIL,FAIL,PASS,PASS,FAIL,PASS,FAIL,FAIL,FAIL,FAIL,PASS,PASS
old_f-graph-problem3-b,PASS,PASS,PASS,PASS,PASS,PASS,PASS,PASS,PASS,PASS,PASS,PASS,PASS,PASS,PASS,PASS
